test,chi2,p,phi,table,n_discordant,p_holm,stat,p_two_sided,r,median_diff,mean_diff,w
C1_claude_vs_llama,3.125,0.07709987174354178,-2.1213203435596424,"[[4, 1], [7, 19]]",8.0,0.23129961523062537,,,,,,
C2_gpt_vs_deepseek,0.0,1.0,0.3333333333333333,"[[0, 5], [4, 22]]",9.0,1.0,,,,,,
C3_dual_vs_llama_fnr,9.090909090909092,0.0025688315270227173,-3.3166247903554,"[[0, 0], [11, 20]]",11.0,0.012844157635113587,,,,,,
C5_latency,,0.999999999999822,,,,1.0,0.0,3.559469460061398e-13,1.0,-4860.645042000142,-4696.691333900011,
C6_friedman,10.267605633802926,0.01642314094724969,,,,0.06569256378899876,,,,,,0.048893360160966313
