test,chi2,p,phi,table,n_discordant,p_holm,stat,p_two_sided,r,median_diff,mean_diff,w
C1_claude_vs_llama,23.04,1.5866563039511892e-06,-5.0,"[[5, 0], [25, 1]]",25.0,6.346625215804757e-06,,,,,,
C2_gpt_vs_deepseek,8.470588235294118,0.003609346935945442,-3.1529631254723287,"[[3, 2], [15, 11]]",17.0,0.007218693871890884,,,,,,
C3_dual_vs_llama_fnr,20.045454545454547,7.562306614504704e-06,-4.69041575982343,"[[8, 0], [22, 1]]",22.0,2.268691984351411e-05,,,,,,
C5_latency,,0.999999999999822,,,,0.999999999999822,0.0,3.559469460061398e-13,1.0,-30193.661541490583,-29824.8789054305,
C6_friedman,54.1250000000004,1.0552542691810808e-11,,,,5.276271345905404e-11,,,,,,0.25773809523809715
